"Timestamp","Which Evening & Weekend MBA (EWMBA) cohort are you in?","Which class are you in?","How do you commute to and from your in-person classes? If you identify with multiple options, please pick the one you use most often.","If you selected one of the driving options, what is preventing you from utilizing other options such as the shuttle/BayPass, etc? (Select all that apply)","A parking pass is crucial to my school experience.","How frequently have parking or transit delays directly disrupted your academic schedule (e.g. arriving late to class, missing a lecture, or missing scheduled group meetings)?","With this new parking permit change, I need to reevaluate how I commute to school for classes and in-person campus events.","Having to pay for parking (think about paying for parking) will prevent me from attending more on-campus events / maximizing my MBA.","Having to pay for parking in addition to rising tuition costs causes me unnecessary extra stress / negatively impacts my student experience.","If a prospective applicant with a similar professional and geographical profile asked for your honest advice about joining Haas, how would you suggest they view the new parking and commuting situation?","The mandatory campus transit fee for BayPass is automatically charged to all students. If given the option, would you choose to opt-out of this fee to reduce your semester tuition/fees?","Anything else you'd like to share? We'll synthesize feedback and share it with the Program Office."
"2026/07/13 3:49:28 PM MDT","Evening Blue (Monday/Wednesday)","2027","I drive myself to school","The shuttle leaves at an inconvenient time;The shuttle leaves at an inconvenient location;BayPass options (bus, BART, etc) are inconvenient/infeasible for me;There's no convenient way for me to take the shuttle/public transporation;I drive to work, and go directly to school after, and therefore must drive;Driving saves me time and energy","5","Frequently (6+ times per semester)","5","5","5","It is a significant factor (should be weighed against competing programs like Wharton SF or Stanford)","Yes",""
"2026/07/13 3:49:58 PM MDT","Weekend Axe/Oski (Saturday)","2027","I drive myself to school","BayPass options (bus, BART, etc) are inconvenient/infeasible for me;There's no convenient way for me to take the shuttle/public transporation;Driving saves me time and energy","5","Rarely (1-2 times per semester)","5","5","5","It is a significant factor (should be weighed against competing programs like Wharton SF or Stanford)","Yes",""
"2026/07/13 3:51:18 PM MDT","Evening Gold (Tuesday/Thursday)","2028","I drive myself to school","There's no convenient way for me to take the shuttle/public transporation;I don't feel safe taking public transportation at the times I would need to","5","Occasionally (3-5 times per semester)","5","5","5","It is a significant factor (should be weighed against competing programs like Wharton SF or Stanford)","Yes",""
"2026/07/13 3:52:00 PM MDT","Evening Blue (Monday/Wednesday)","2028","I drive myself to school","The shuttle leaves at an inconvenient location;There's no convenient way for me to take the shuttle/public transporation;I drive to work, and go directly to school after, and therefore must drive;Driving saves me time and energy","5","Occasionally (3-5 times per semester)","5","5","5","It is a minor factor (manageable annoyance, but should not affect enrollment)","No","When enrolling in the program, the parking was an expected benefit. Taking it away mid program feels deceptive and unfair. "
"2026/07/13 3:52:44 PM MDT","Evening Blue (Monday/Wednesday)","2028","I drive myself to school","The shuttle leaves at an inconvenient time;BayPass options (bus, BART, etc) are inconvenient/infeasible for me;There's no convenient way for me to take the shuttle/public transporation;I don't feel safe taking public transportation at the times I would need to;Driving saves me time and energy","5","Frequently (6+ times per semester)","5","5","5","It is a significant factor (should be weighed against competing programs like Wharton SF or Stanford)","Yes",""
"2026/07/13 3:52:53 PM MDT","Evening Gold (Tuesday/Thursday)","2028","I drive myself to school","The shuttle leaves at an inconvenient location;BayPass options (bus, BART, etc) are inconvenient/infeasible for me;There's no convenient way for me to take the shuttle/public transporation;I drive to work, and go directly to school after, and therefore must drive","5","Rarely (1-2 times per semester)","5","5","5","It is a significant factor (should be weighed against competing programs like Wharton SF or Stanford)","Yes",""
"2026/07/13 3:53:27 PM MDT","Weekend Axe/Oski (Saturday)","2028","I drive myself to school","The shuttle leaves at an inconvenient time;The shuttle leaves at an inconvenient location;BayPass options (bus, BART, etc) are inconvenient/infeasible for me;There's no convenient way for me to take the shuttle/public transporation;I don't feel safe taking public transportation at the times I would need to;I drive to work, and go directly to school after, and therefore must drive","5","Occasionally (3-5 times per semester)","5","5","5","It is a significant factor (should be weighed against competing programs like Wharton SF or Stanford)","Yes",""
"2026/07/13 3:53:51 PM MDT","Weekend Axe/Oski (Saturday)","2028","I drive myself to school","There's no convenient way for me to take the shuttle/public transporation","5","Frequently (6+ times per semester)","5","5","5","It is a minor factor (manageable annoyance, but should not affect enrollment)","Yes",""
"2026/07/13 3:54:00 PM MDT","Evening Gold (Tuesday/Thursday)","2028","I drive myself to school","There's no convenient way for me to take the shuttle/public transporation;I don't feel safe taking public transportation at the times I would need to;I drive to work, and go directly to school after, and therefore must drive","5","Frequently (6+ times per semester)","5","5","5","It is a critical factor (should actively discourage enrolling unless they live near campus)","Yes",""
"2026/07/13 3:54:24 PM MDT","Weekend Axe/Oski (Saturday)","2028","I drive myself to school","Driving saves me time and energy","5","Occasionally (3-5 times per semester)","5","5","5","It is a significant factor (should be weighed against competing programs like Wharton SF or Stanford)","No","what is the baypass transit fee we are paying for the year? it obviously depends how much it is compared to how much we use it? "
"2026/07/13 3:54:43 PM MDT","Evening Gold (Tuesday/Thursday)","2028","I drive myself to school","There's no convenient way for me to take the shuttle/public transporation;I don't feel safe taking public transportation at the times I would need to;Driving saves me time and energy","5","Occasionally (3-5 times per semester)","5","5","5","It is a significant factor (should be weighed against competing programs like Wharton SF or Stanford)","No",""
"2026/07/13 3:54:54 PM MDT","Weekend Axe/Oski (Saturday)","2028","I drive myself to school","There's no convenient way for me to take the shuttle/public transporation;Driving saves me time and energy","5","Rarely (1-2 times per semester)","5","4","5","It is a significant factor (should be weighed against competing programs like Wharton SF or Stanford)","Yes","Why is weekend parking impacted?"
"2026/07/13 3:55:31 PM MDT","Evening Gold (Tuesday/Thursday)","2028","I drive myself to school","BayPass options (bus, BART, etc) are inconvenient/infeasible for me;There's no convenient way for me to take the shuttle/public transporation;I drive to work, and go directly to school after, and therefore must drive","3","Occasionally (3-5 times per semester)","5","5","5","It is a significant factor (should be weighed against competing programs like Wharton SF or Stanford)","Yes",""
"2026/07/13 3:55:57 PM MDT","Weekend Axe/Oski (Saturday)","2028","I drive myself to school","BayPass options (bus, BART, etc) are inconvenient/infeasible for me;There's no convenient way for me to take the shuttle/public transporation;I don't feel safe taking public transportation at the times I would need to;I drive to work, and go directly to school after, and therefore must drive","5","Frequently (6+ times per semester)","5","5","5","It is a significant factor (should be weighed against competing programs like Wharton SF or Stanford)","Yes","Please give sincere consideration to the transportation needs of Evening & Weekend students, many of whom rely on parking to access the Berkeley campus. Unlike most full-time or undergraduate students, the vast majority of EW students commute 30 minutes or more after a full workday. In addition to the significant time commitment, many already incur substantial commuting costs, including gas and Bay Bridge tolls.

The removal of complimentary parking creates an additional financial burden for a population that is balancing demanding careers, academics, and personal responsibilities. Maintaining affordable parking options would meaningfully improve accessibility and help ensure that Evening & Weekend students can continue to fully participate in the Berkeley community."
"2026/07/13 3:57:27 PM MDT","Evening Gold (Tuesday/Thursday)","2028","I drive myself to school","The shuttle leaves at an inconvenient location;BayPass options (bus, BART, etc) are inconvenient/infeasible for me;There's no convenient way for me to take the shuttle/public transporation;I don't feel safe taking public transportation at the times I would need to;I drive to work, and go directly to school after, and therefore must drive;Driving saves me time and energy","5","Never","4","4","5","It is a minor factor (manageable annoyance, but should not affect enrollment)","Yes","This policy shift will be more likely to impact women and other groups that feel less comfortable riding BART late at night after class ends (10pm). EWMBA students should be exempt from the parking fee due to the nature of their degree requiring late nights. Also, I live in the East Bay where shuttles don't go."
"2026/07/13 3:59:04 PM MDT","Evening Gold (Tuesday/Thursday)","2028","I drive myself to school","I drive to work, and go directly to school after, and therefore must drive","5","Frequently (6+ times per semester)","5","5","5","It is a critical factor (should actively discourage enrolling unless they live near campus)","Yes","Upon acceptance of my place in the EWMBA program Haas stated that parking is included in tuition. This factored into my decision to commit to Haas. This is an unexpected cost that we are forced to absorb even though Haas showed this as an included benefit when accepting my offer. I am deeply disappointed in this decision. "
"2026/07/13 3:59:25 PM MDT","Weekend Axe/Oski (Saturday)","2028","I drive myself to school","The shuttle leaves at an inconvenient time;The shuttle leaves at an inconvenient location;BayPass options (bus, BART, etc) are inconvenient/infeasible for me;There's no convenient way for me to take the shuttle/public transporation;I don't feel safe taking public transportation at the times I would need to;I drive to work, and go directly to school after, and therefore must drive;Driving saves me time and energy","5","Occasionally (3-5 times per semester)","5","5","5","It is a critical factor (should actively discourage enrolling unless they live near campus)","No",""
"2026/07/13 3:59:30 PM MDT","Weekend Axe/Oski (Saturday)","2028","I carpool with other students (we switch off driving / utilize multiple permits)","There's no convenient way for me to take the shuttle/public transporation","4","Occasionally (3-5 times per semester)","5","4","3","It is a minor factor (manageable annoyance, but should not affect enrollment)","Yes",""
"2026/07/13 4:00:37 PM MDT","Evening Blue (Monday/Wednesday)","2028","I drive myself to school","The shuttle leaves at an inconvenient time;I drive to work, and go directly to school after, and therefore must drive","5","Occasionally (3-5 times per semester)","5","5","5","It is a minor factor (manageable annoyance, but should not affect enrollment)","No","If they won’t restore parking, I’d recommend seeing if they can add a shuttle to Embarcadero after class so people can connect to Muni or BART. Since this would be off peak hours, I’m sure transportation companies have excess capacity after their rush hour commuter business and Haas could negotiate a good deal. I know a number of people that take transit to class from the city, but then need to find ways back to the city after class. Taking Bart back to the city requires walking to downtown Berkeley in the dark in poorly lit areas, waiting for Bart which can be up to 20 mins, transferring at MacArthur before finally arriving in the city after a long day of work and class. It often means long commutes in the dark that can sometimes feel unsafe. Having this option to Embarcadero might mean more students utilize the BayPass, can save on tolls without adding too much extra time to their commute, and would help offset the loss of the parking pass."
"2026/07/13 4:01:05 PM MDT","Weekend Axe/Oski (Saturday)","2028","I drive myself to school","BayPass options (bus, BART, etc) are inconvenient/infeasible for me;There's no convenient way for me to take the shuttle/public transporation;Driving saves me time and energy","5","Frequently (6+ times per semester)","5","5","5","It is a significant factor (should be weighed against competing programs like Wharton SF or Stanford)","Yes",""
"2026/07/13 4:02:06 PM MDT","Evening Blue (Monday/Wednesday)","2028","I drive myself to school","BayPass options (bus, BART, etc) are inconvenient/infeasible for me;There's no convenient way for me to take the shuttle/public transporation;I don't feel safe taking public transportation at the times I would need to;Driving saves me time and energy","5","Rarely (1-2 times per semester)","3","5","4","It is a minor factor (manageable annoyance, but should not affect enrollment)","Yes",""
"2026/07/13 4:03:26 PM MDT","Weekend Axe/Oski (Saturday)","2028","I use BayPass/public transportation","","3","Never","3","4","5","It is a minor factor (manageable annoyance, but should not affect enrollment)","No","Removing the free parking permits for EWMBA reflects a misallocation of funds directly causing stress to students, especially for weekend students who do not have the free shuttle option. I am lucky to live close by to campus, but most students rely on driving themselves every week, and now they're faced with purchasing daily permits every time they park, increasing financial stress and time wasted away from the classroom."
"2026/07/13 4:04:31 PM MDT","Evening Gold (Tuesday/Thursday)","2028","I drive myself to school","BayPass options (bus, BART, etc) are inconvenient/infeasible for me;I don't feel safe taking public transportation at the times I would need to;I drive to work, and go directly to school after, and therefore must drive;Driving saves me time and energy","5","Frequently (6+ times per semester)","5","5","5","It is a critical factor (should actively discourage enrolling unless they live near campus)","Yes",""
"2026/07/13 4:04:36 PM MDT","Evening Gold (Tuesday/Thursday)","2027","I carpool with other students (we usually take the same car / utilize a single parking permit)","Driving saves me time and energy","3","Rarely (1-2 times per semester)","5","4","3","It is a minor factor (manageable annoyance, but should not affect enrollment)","No",""
"2026/07/13 4:04:50 PM MDT","Evening Gold (Tuesday/Thursday)","2027","I drive myself to school","The shuttle leaves at an inconvenient location;BayPass options (bus, BART, etc) are inconvenient/infeasible for me;There's no convenient way for me to take the shuttle/public transporation;I drive to work, and go directly to school after, and therefore must drive","5","Occasionally (3-5 times per semester)","5","5","5","It is a significant factor (should be weighed against competing programs like Wharton SF or Stanford)","Yes",""
"2026/07/13 4:04:57 PM MDT","Weekend Axe/Oski (Saturday)","2026","I drive myself to school","The shuttle leaves at an inconvenient time;The shuttle leaves at an inconvenient location;BayPass options (bus, BART, etc) are inconvenient/infeasible for me;There's no convenient way for me to take the shuttle/public transporation;I don't feel safe taking public transportation at the times I would need to;I drive to work, and go directly to school after, and therefore must drive;Driving saves me time and energy","5","Frequently (6+ times per semester)","5","5","5","It is a critical factor (should actively discourage enrolling unless they live near campus)","Yes",""
"2026/07/13 4:05:00 PM MDT","Evening Gold (Tuesday/Thursday)","2027","I take the MTV shuttle","","5","Occasionally (3-5 times per semester)","5","5","5","It is a critical factor (should actively discourage enrolling unless they live near campus)","Yes",""
"2026/07/13 4:05:01 PM MDT","Evening Blue (Monday/Wednesday)","2027","I drive myself to school","The shuttle leaves at an inconvenient location;I don't feel safe taking public transportation at the times I would need to;I drive to work, and go directly to school after, and therefore must drive;Driving saves me time and energy","5","Rarely (1-2 times per semester)","5","3","4","It is a significant factor (should be weighed against competing programs like Wharton SF or Stanford)","Yes","Taking Bart back to SF after class at 10pm can be unsafe and tiring after a long class."
"2026/07/13 4:05:36 PM MDT","Evening Gold (Tuesday/Thursday)","2027","I drive myself to school","There's no convenient way for me to take the shuttle/public transporation;Driving saves me time and energy","5","Occasionally (3-5 times per semester)","5","5","5","It is a significant factor (should be weighed against competing programs like Wharton SF or Stanford)","Yes",""
"2026/07/13 4:05:40 PM MDT","Evening Gold (Tuesday/Thursday)","2027","I drive myself to school","BayPass options (bus, BART, etc) are inconvenient/infeasible for me;There's no convenient way for me to take the shuttle/public transporation;I don't feel safe taking public transportation at the times I would need to;I drive to work, and go directly to school after, and therefore must drive;Driving saves me time and energy","5","Rarely (1-2 times per semester)","5","5","5","It is a critical factor (should actively discourage enrolling unless they live near campus)","Yes",""
"2026/07/13 4:05:47 PM MDT","Evening Blue (Monday/Wednesday)","2027","I drive myself to school","The shuttle leaves at an inconvenient time;The shuttle leaves at an inconvenient location;BayPass options (bus, BART, etc) are inconvenient/infeasible for me;There's no convenient way for me to take the shuttle/public transporation;I don't feel safe taking public transportation at the times I would need to;I drive to work, and go directly to school after, and therefore must drive;Driving saves me time and energy","5","Never","5","5","5","It is a critical factor (should actively discourage enrolling unless they live near campus)","No","It is extremely unfair, exploitative, and creates negative feelings about Haas as an institution. I don’t feel as if the school really cares about my well-being. This is not an isolated incident."
"2026/07/13 4:06:25 PM MDT","Evening Gold (Tuesday/Thursday)","2027","I drive myself to school","I don't feel safe taking public transportation at the times I would need to;I drive to work, and go directly to school after, and therefore must drive;Driving saves me time and energy","5","Occasionally (3-5 times per semester)","4","5","5","It is a critical factor (should actively discourage enrolling unless they live near campus)","No",""
"2026/07/13 4:06:49 PM MDT","Evening Gold (Tuesday/Thursday)","2027","I carpool with other students (we switch off driving / utilize multiple permits)","The shuttle leaves at an inconvenient time;The shuttle leaves at an inconvenient location;BayPass options (bus, BART, etc) are inconvenient/infeasible for me;There's no convenient way for me to take the shuttle/public transporation;I drive to work, and go directly to school after, and therefore must drive;Driving saves me time and energy","5","Occasionally (3-5 times per semester)","5","5","5","It is a significant factor (should be weighed against competing programs like Wharton SF or Stanford)","Yes","Incredibly tone deaf and sloppy rollout from Haas"
"2026/07/13 4:06:58 PM MDT","Evening Blue (Monday/Wednesday)","2027","I drive myself to school","The shuttle leaves at an inconvenient time;The shuttle leaves at an inconvenient location;BayPass options (bus, BART, etc) are inconvenient/infeasible for me;I drive to work, and go directly to school after, and therefore must drive;Driving saves me time and energy","5","Rarely (1-2 times per semester)","5","5","5","It is a significant factor (should be weighed against competing programs like Wharton SF or Stanford)","Yes",""
"2026/07/13 4:06:59 PM MDT","Evening Blue (Monday/Wednesday)","2027","I drive myself to school","BayPass options (bus, BART, etc) are inconvenient/infeasible for me;There's no convenient way for me to take the shuttle/public transporation;I don't feel safe taking public transportation at the times I would need to;I drive to work, and go directly to school after, and therefore must drive;Driving saves me time and energy","5","Occasionally (3-5 times per semester)","5","5","5","It is a significant factor (should be weighed against competing programs like Wharton SF or Stanford)","No",""
"2026/07/13 4:07:17 PM MDT","Evening Gold (Tuesday/Thursday)","2027","I drive myself to school","The shuttle leaves at an inconvenient time;The shuttle leaves at an inconvenient location;BayPass options (bus, BART, etc) are inconvenient/infeasible for me;There's no convenient way for me to take the shuttle/public transporation;I don't feel safe taking public transportation at the times I would need to;Driving saves me time and energy","5","Rarely (1-2 times per semester)","5","5","5","It is a critical factor (should actively discourage enrolling unless they live near campus)","No","I live in Walnut Creek and have been using the parking pass to get to class since a convenient shuttle does not exist and I do not have the time to take the Bart after work with the transfer in Oakland. I have also used the parking pass to come to campus on non-class days to attend events, further enriching my MBA experience. I can honestly say that having to pay for parking would have drastically changed my ability to do this while also working, and I likely would not have applied, having moved for the program from out of state."
"2026/07/13 4:07:20 PM MDT","Nexus/Lux (Flex)","2028","N/A for me for my core classes","There's no convenient way for me to take the shuttle/public transporation;I don't feel safe taking public transportation at the times I would need to;I drive to work, and go directly to school after, and therefore must drive;Driving saves me time and energy","5","Occasionally (3-5 times per semester)","5","5","5","It is a significant factor (should be weighed against competing programs like Wharton SF or Stanford)","Yes","The value of an MBA degree is decreasing everyday, and the school is not doing enough to retain and satisfy current students. Please reflect on this. "
"2026/07/13 4:08:05 PM MDT","Evening Gold (Tuesday/Thursday)","2027","I drive myself to school","The shuttle leaves at an inconvenient location;BayPass options (bus, BART, etc) are inconvenient/infeasible for me;There's no convenient way for me to take the shuttle/public transporation;I drive to work, and go directly to school after, and therefore must drive","5","Rarely (1-2 times per semester)","5","5","5","It is a significant factor (should be weighed against competing programs like Wharton SF or Stanford)","Yes","I'd like to see action being taken on this. Hopefully this doesn't end up just as a psychological game to calm people down to show 'we tried' and the program office not really doing anything about it (like the survey about increasing tuition). Free parking was advertised as a perk of EWMBA. Batoass is frankly not an option for a lot of people. An additional $400-500 on parking passes is a non trivial amount for many people. "
"2026/07/13 4:08:49 PM MDT","Evening Gold (Tuesday/Thursday)","2027","I carpool with other students (we usually take the same car / utilize a single parking permit)","The shuttle leaves at an inconvenient location;I don't feel safe taking public transportation at the times I would need to;There is no bus to and from San Francisco ","4","Occasionally (3-5 times per semester)","5","5","5","It is a significant factor (should be weighed against competing programs like Wharton SF or Stanford)","No",""
"2026/07/13 4:10:00 PM MDT","Evening Gold (Tuesday/Thursday)","2028","I drive myself to school","The shuttle leaves at an inconvenient time;The shuttle leaves at an inconvenient location;BayPass options (bus, BART, etc) are inconvenient/infeasible for me;There's no convenient way for me to take the shuttle/public transporation;I don't feel safe taking public transportation at the times I would need to;I drive to work, and go directly to school after, and therefore must drive;Driving saves me time and energy","5","Occasionally (3-5 times per semester)","5","5","5","It is a significant factor (should be weighed against competing programs like Wharton SF or Stanford)","Yes",""
"2026/07/13 4:10:04 PM MDT","Evening Blue (Monday/Wednesday)","2028","I drive myself to school","The shuttle leaves at an inconvenient location;BayPass options (bus, BART, etc) are inconvenient/infeasible for me;I drive to work, and go directly to school after, and therefore must drive;Driving saves me time and energy","5","Occasionally (3-5 times per semester)","5","5","5","It is a minor factor (manageable annoyance, but should not affect enrollment)","Yes","For EW students in the Blue and Gold cohort, baypass options are incredibly limited. The BART train that I take southbound to Milpitas leaves every 30 minutes, which means I cannot network with classmates, professors, or guests at all for fear of missing the train and getting stranded. Because of this, I must drive, which means a parking permit is an additional expense on top of the other fees to attend."
"2026/07/13 4:10:06 PM MDT","Weekend Axe/Oski (Saturday)","2028","I drive myself to school","No shuttle available on Sat","5","Frequently (6+ times per semester)","5","5","5","It is a critical factor (should actively discourage enrolling unless they live near campus)","Yes",""
"2026/07/13 4:10:32 PM MDT","Evening Gold (Tuesday/Thursday)","2027","I drive myself to school","The shuttle leaves at an inconvenient time;The shuttle leaves at an inconvenient location;BayPass options (bus, BART, etc) are inconvenient/infeasible for me;There's no convenient way for me to take the shuttle/public transporation;I don't feel safe taking public transportation at the times I would need to;I drive to work, and go directly to school after, and therefore must drive;Driving saves me time and energy","5","Rarely (1-2 times per semester)","5","5","5","It is a critical factor (should actively discourage enrolling unless they live near campus)","Yes","EWMBA students primarily live far from campus and typically have to drive. Excluding a parking permit from enrollment while requiring students to pay an additional $125 per month for a parking pass, and justifying this by saying it aligns with other MBA programs, creates the impression that EWMBA students are being treated as second-class members of the Haas community and as a source of additional revenue.

If the program were to waive the other campus fees that EWMBA students rarely benefit from, allowing students to opt in only if they choose to use those facilities, then it would be reasonable for parking to be treated as an optional benefit as well. However, requiring EWMBA students to pay mandatory fees for amenities that most of them seldom use, and then charging extra for parking on top of those fees, is difficult to justify."
"2026/07/13 4:12:55 PM MDT","Evening Gold (Tuesday/Thursday)","2027","I drive myself to school","The shuttle leaves at an inconvenient location;BayPass options (bus, BART, etc) are inconvenient/infeasible for me;There's no convenient way for me to take the shuttle/public transporation;I drive to work, and go directly to school after, and therefore must drive;Driving saves me time and energy","4","Occasionally (3-5 times per semester)","5","5","5","It is a significant factor (should be weighed against competing programs like Wharton SF or Stanford)","No",""
"2026/07/13 4:13:34 PM MDT","Evening Gold (Tuesday/Thursday)","2028","I carpool with other students (we switch off driving / utilize multiple permits)","There's no convenient way for me to take the shuttle/public transporation;I don't feel safe taking public transportation at the times I would need to;Driving saves me time and energy","5","Occasionally (3-5 times per semester)","5","5","5","It is a minor factor (manageable annoyance, but should not affect enrollment)","No","If we don’t get the parking pass, can weekday students get dinner covered like how weekend has lunch covered? To align differences between MBA programs and cohorts. "
"2026/07/13 4:15:09 PM MDT","Evening Blue (Monday/Wednesday)","2027","I carpool with other students (we usually take the same car / utilize a single parking permit)","The shuttle leaves at an inconvenient location;BayPass options (bus, BART, etc) are inconvenient/infeasible for me;There's no convenient way for me to take the shuttle/public transporation;I don't feel safe taking public transportation at the times I would need to","5","Occasionally (3-5 times per semester)","5","5","5","It is a critical factor (should actively discourage enrolling unless they live near campus)","Yes","This is absurd and incredibly frustrating. I believe that EW students already face significant disadvantages, as we rarely receive scholarships, tuition aid, or substantial campus or career support. Therefore, aligning the parking requirement with other programs feels exploitative. If the genuine concern is creating alignment, then we should also be entitled to similar benefits as other programs, such as FTMBA students receiving discounted tuition on summer courses."
"2026/07/13 4:15:36 PM MDT","Evening Blue (Monday/Wednesday)","2028","I take the MTV shuttle","","5","Frequently (6+ times per semester)","5","4","3","It is a minor factor (manageable annoyance, but should not affect enrollment)","No",""
"2026/07/13 4:16:54 PM MDT","Evening Blue (Monday/Wednesday)","2028","I drive myself to school","I drive to work, and go directly to school after, and therefore must drive;Driving saves me time and energy","4","Occasionally (3-5 times per semester)","5","2","2","It is a minor factor (manageable annoyance, but should not affect enrollment)","No","The argument given in the email announcement, that this is done in effort to align with the other MBA programs, is weak. FTMBA students live closer to campus and spend the majority of their day in classes and campus activities, such as recruiting. Evening students must commute after their workday, and live scattered across the Bay Area (and in some cases, beyond). Many of these students rely on their cars for the commute, and also have less predictability in schedules, making the option for a car invaluable. Given this, it clearly does not make sense to align these two programs on an issue such as parking. I’m sure I’ll end up paying for a permit, but it does give the program more of a transactional feel to it, and I don’t believe I’m alone in that sentiment."
"2026/07/13 4:18:38 PM MDT","Weekend Axe/Oski (Saturday)","2028","I drive myself to school","BayPass options (bus, BART, etc) are inconvenient/infeasible for me;There's no convenient way for me to take the shuttle/public transporation;I don't feel safe taking public transportation at the times I would need to","5","Occasionally (3-5 times per semester)","5","5","5","It is a significant factor (should be weighed against competing programs like Wharton SF or Stanford)","Yes",""
"2026/07/13 4:18:55 PM MDT","Evening Blue (Monday/Wednesday)","2027","I drive myself to school","BayPass options (bus, BART, etc) are inconvenient/infeasible for me;There's no convenient way for me to take the shuttle/public transporation;I drive to work, and go directly to school after, and therefore must drive","5","Occasionally (3-5 times per semester)","5","5","5","It is a critical factor (should actively discourage enrolling unless they live near campus)","Yes","I will take all online classes and not come to campus if I cant even park anymore. It’s already hard enough as is to add the commute onto my work commute and make night school work while working full time. I will strongly discourage anyone from attending Haas EWMBA as the school continuously shows that it does not care about these students."
"2026/07/13 4:21:09 PM MDT","Evening Blue (Monday/Wednesday)","2027","I drive myself to school","The shuttle leaves at an inconvenient time;The shuttle leaves at an inconvenient location;BayPass options (bus, BART, etc) are inconvenient/infeasible for me;There's no convenient way for me to take the shuttle/public transporation;I drive to work, and go directly to school after, and therefore must drive;Driving saves me time and energy","5","Occasionally (3-5 times per semester)","4","3","5","It is a minor factor (manageable annoyance, but should not affect enrollment)","Yes",""
"2026/07/13 4:22:21 PM MDT","Evening Gold (Tuesday/Thursday)","2027","I drive myself to school","BayPass options (bus, BART, etc) are inconvenient/infeasible for me;I don't feel safe taking public transportation at the times I would need to;Driving saves me time and energy","5","Rarely (1-2 times per semester)","5","5","5","It is a significant factor (should be weighed against competing programs like Wharton SF or Stanford)","No","I am deeply disappointed with the program's direction. It feels as though the administration is focused entirely on revenue rather than the student experience. "
"2026/07/13 4:24:36 PM MDT","Weekend Axe/Oski (Saturday)","2028","I drive myself to school","BayPass options (bus, BART, etc) are inconvenient/infeasible for me;There's no convenient way for me to take the shuttle/public transporation;I don't feel safe taking public transportation at the times I would need to","5","Frequently (6+ times per semester)","5","5","5","It is a critical factor (should actively discourage enrolling unless they live near campus)","No",""
"2026/07/13 4:30:32 PM MDT","Evening Blue (Monday/Wednesday)","2027","I drive myself to school","The shuttle leaves at an inconvenient time;The shuttle leaves at an inconvenient location;BayPass options (bus, BART, etc) are inconvenient/infeasible for me;There's no convenient way for me to take the shuttle/public transporation;I drive to work, and go directly to school after, and therefore must drive","5","Never","5","2","5","It is a minor factor (manageable annoyance, but should not affect enrollment)","Yes","I would prefer to cut the transit fee and keep the parking pass. There are many other ways to cut costs — the South Bay shuttle is typically empty or has very few riders. 

Transit delays have never disrupted my class experience because I have driven in the past"
"2026/07/13 4:32:50 PM MDT","Weekend Axe/Oski (Saturday)","2028","I carpool with other students (we switch off driving / utilize multiple permits)","The shuttle leaves at an inconvenient time;The shuttle leaves at an inconvenient location;BayPass options (bus, BART, etc) are inconvenient/infeasible for me;There's no convenient way for me to take the shuttle/public transporation;I drive to work, and go directly to school after, and therefore must drive;Driving saves me time and energy;Driving is the only realistic option given that I commute from Sacramento, and each of the checked reasons reflects a real constraint rather than a preference: the Capitol Corridor and any shuttle connection leave at times that don't match a 9 AM to 6 PM class day, especially with evening socials and networking pushing my actual departure well past any scheduled service; the pickup/drop-off locations for the shuttle or BayPass-connected transit aren't positioned in a way that gets me to campus or back to Sacramento without an additional, unreliable leg of travel; BART and bus options under BayPass are built for Bay Area residents making local trips, not a 90-plus-minute one-way commute, so they're not a workable substitute; and there's simply no convenient way to stitch together public transit or a shuttle across that distance on a schedule that starts early and ends late. On top of that, I need my car the same day for other obligations tied to work and family logistics, since I'm not just going from home to campus and back, I'm routing my day around existing commitments that require driving regardless of class. Finally, driving saves real time and energy: on a day that already runs 9 to 6 plus networking afterward, adding transit transfers and wait times on both ends would extend an already long day and cut into time with my spouse and young child, which matters more given I'm doing this on a non-Bay-Area-tech income where every added cost or lost hour has real weight.","5","Occasionally (3-5 times per semester)","5","5","5","It is a significant factor (should be weighed against competing programs like Wharton SF or Stanford)","Yes","Time is the core issue: as a part-time student working full-time and commuting three-plus hours round trip from Sacramento, every hour spent on class or the road is pulled directly from work, sleep, or time with my spouse and 5-year-old, and I'm not alone, classmates are struggling to hold work and family life together under this load. This program carries an estimated total cost of roughly $176,000 in tuition alone, and for that price the school needs to have our backs by building in more flexibility around this time crunch and fixing the low-hanging fruit, like parking, which is already a known headache on event and game days and shouldn't be adding friction to an already stretched schedule."
"2026/07/13 4:34:27 PM MDT","Evening Blue (Monday/Wednesday)","2027","I drive myself to school","The shuttle leaves at an inconvenient time;The shuttle leaves at an inconvenient location;BayPass options (bus, BART, etc) are inconvenient/infeasible for me;There's no convenient way for me to take the shuttle/public transporation;I drive to work, and go directly to school after, and therefore must drive","5","Occasionally (3-5 times per semester)","5","5","5","It is a critical factor (should actively discourage enrolling unless they live near campus)","Yes",""
"2026/07/13 4:35:58 PM MDT","Weekend Axe/Oski (Saturday)","2028","I drive myself to school","The shuttle leaves at an inconvenient location;BayPass options (bus, BART, etc) are inconvenient/infeasible for me;There's no convenient way for me to take the shuttle/public transporation;Driving saves me time and energy","5","Occasionally (3-5 times per semester)","5","5","5","It is a minor factor (manageable annoyance, but should not affect enrollment)","Yes","I wouldn’t expect the #1 EWMBA program to nickel-and-dime students like this"
"2026/07/13 4:37:38 PM MDT","Weekend Axe/Oski (Saturday)","2028","I drive myself to school","After school activities run into around 8pm which makes bart harder to take","5","Rarely (1-2 times per semester)","5","5","5","It is a minor factor (manageable annoyance, but should not affect enrollment)","No",""
"2026/07/13 4:40:24 PM MDT","Evening Blue (Monday/Wednesday)","2028","I carpool with other students (we switch off driving / utilize multiple permits)","BayPass options (bus, BART, etc) are inconvenient/infeasible for me;There's no convenient way for me to take the shuttle/public transporation;Driving saves me time and energy","5","Rarely (1-2 times per semester)","5","5","5","It is a significant factor (should be weighed against competing programs like Wharton SF or Stanford)","Yes",""
"2026/07/13 4:42:58 PM MDT","Evening Gold (Tuesday/Thursday)","2027","I drive myself to school","The shuttle leaves at an inconvenient time;The shuttle leaves at an inconvenient location;BayPass options (bus, BART, etc) are inconvenient/infeasible for me;There's no convenient way for me to take the shuttle/public transporation;I don't feel safe taking public transportation at the times I would need to;I drive to work, and go directly to school after, and therefore must drive;Driving saves me time and energy","5","Rarely (1-2 times per semester)","5","5","5","It is a significant factor (should be weighed against competing programs like Wharton SF or Stanford)","Yes","It’s unfair to automatically pay for an option I can’t use"
"2026/07/13 4:56:33 PM MDT","Weekend Axe/Oski (Saturday)","2028","I drive myself to school","BayPass options (bus, BART, etc) are inconvenient/infeasible for me;There's no convenient way for me to take the shuttle/public transporation","5","Occasionally (3-5 times per semester)","5","5","5","It is a significant factor (should be weighed against competing programs like Wharton SF or Stanford)","Yes","Increasing our credit charges per year while this bait and switch to remove parking after we have spent a year at Haas is very negatively changing my opinion of the school. This will be one of the first things I mention to prospective students who ask me about Haas. "
"2026/07/13 5:11:32 PM MDT","Evening Blue (Monday/Wednesday)","2027","I drive myself to school","The shuttle leaves at an inconvenient location;BayPass options (bus, BART, etc) are inconvenient/infeasible for me;There's no convenient way for me to take the shuttle/public transporation;I don't feel safe taking public transportation at the times I would need to","5","Rarely (1-2 times per semester)","5","5","5","It is a significant factor (should be weighed against competing programs like Wharton SF or Stanford)","Yes","Commuting from Danville, there is no convenient or safe way for me to take public transport to class. "
"2026/07/13 5:34:31 PM MDT","Nexus/Lux (Flex)","2027","I carpool with other students (we switch off driving / utilize multiple permits)","There's no convenient way for me to take the shuttle/public transporation;I don't feel safe taking public transportation at the times I would need to","5","Occasionally (3-5 times per semester)","5","5","5","It is a significant factor (should be weighed against competing programs like Wharton SF or Stanford)","Yes","C’mon. Stop being so cringey. If this is challenging the status quo, I’m at the wrong school. "
"2026/07/13 5:35:41 PM MDT","Evening Blue (Monday/Wednesday)","2027","I drive myself to school","BayPass options (bus, BART, etc) are inconvenient/infeasible for me","5","Occasionally (3-5 times per semester)","3","4","4","It is a minor factor (manageable annoyance, but should not affect enrollment)","Yes",""
"2026/07/13 5:36:01 PM MDT","Weekend Axe/Oski (Saturday)","2028","I drive myself to school","Heading back home after a long day of class takes another 2 hrs via public transport.","5","Occasionally (3-5 times per semester)","5","5","5","It is a significant factor (should be weighed against competing programs like Wharton SF or Stanford)","Yes",""
"2026/07/13 5:39:26 PM MDT","Weekend Axe/Oski (Saturday)","2027","I drive myself to school","There's no convenient way for me to take the shuttle/public transporation;I drive to work, and go directly to school after, and therefore must drive","5","Rarely (1-2 times per semester)","5","5","5","It is a critical factor (should actively discourage enrolling unless they live near campus)","Yes",""
"2026/07/13 5:51:20 PM MDT","Evening Blue (Monday/Wednesday)","2028","I drive myself to school","BayPass options (bus, BART, etc) are inconvenient/infeasible for me;There's no convenient way for me to take the shuttle/public transporation;I drive to work, and go directly to school after, and therefore must drive;Driving saves me time and energy;I drive from my office in Marin, where public transportation and free shuttles are not an option","5","Rarely (1-2 times per semester)","5","5","5","It is a significant factor (should be weighed against competing programs like Wharton SF or Stanford)","Yes","The spectrum of transit options is now too wide and no longer equitable. I work full-time; my job is in Marin while I live in San Francisco. It does not feel fair or reasonable to know that someone gets a free ride to/from the South Bay, I have to pay for a Bay Pass that I do not even have the option to use, and I now have to pay to park on campus (in addition to very expensive gas and bridge tolls, while putting mileage on my own car). 

If I was a full-time student, I would choose to live in Berkeley, but that is not a reasonable option given my work location. I understand that we are trying to reduce cars on campus and am fully supportive of that, but it's simply not a reasonable option for me as a full-time employee of an org based in Marin. I seriously considered the Flex student route to avoid all of this. There are already so many restrictions to maximizing an MBA experience as a part-time student (/full-time employee) and I really hope that parking affordability isn't added to the list. I've always carpooled when possible. Please reconsider this landscape for part-time MBAs. "
"2026/07/13 5:55:30 PM MDT","Nexus/Lux (Flex)","2027","I carpool with other students (we usually take the same car / utilize a single parking permit)","The shuttle leaves at an inconvenient time;The shuttle leaves at an inconvenient location;BayPass options (bus, BART, etc) are inconvenient/infeasible for me;There's no convenient way for me to take the shuttle/public transporation;Driving saves me time and energy","3","Never","2","2","3","It is a minor factor (manageable annoyance, but should not affect enrollment)","No","Do not let the relative magnitude of this cost compared to the cost of tuition reduce the significance of this change for students. This is another drop in what has become a noticeably full bucket of value reduction. The particularly hurtful part for many students is clearly that this policy decision was made in the name of equity with the other MBA programs. EW students CONSISTENTLY feel that the full time students receive preferential treatment compared to the EW students, who earn the same degree. This includes CMG access, club access, scholarship availability and size, and campus resources (eg ability to book classrooms, unless I’m mistaken). Program office, please use our responses to push back against those in admin who do not understand that they are threatening the reputation of Haas and Berkeley at large by thinking that Haas’ budget allocations are zero-sum. That their impact stops at “our program or your program”. The issue is not about parking, it’s about concession after concession forced onto the EW program in what appears to be a tone deaf and ivory tower negotiation with the other MBA program decision makers, who somehow always manage to “win”. 

Haas and Berkeley continue to lose while these people win."
"2026/07/13 5:58:10 PM MDT","Evening Gold (Tuesday/Thursday)","2028","I drive myself to school","There's no convenient way for me to take the shuttle/public transporation","5","Rarely (1-2 times per semester)","3","5","5","It is a significant factor (should be weighed against competing programs like Wharton SF or Stanford)","Yes","As someone commuting from the east bay, it’s very hard to use public transportation. Driving is the only form of transportation that makes sense. An extra $500 per semester $1,000 is significant especially considering the per unit price increased $200. We invest a lot of time and money to attend Haas, I don’t know why the school is making it more difficult for full time workers. "
"2026/07/13 6:07:11 PM MDT","Nexus/Lux (Flex)","2028","I drive myself to school","I drive to work, and go directly to school after, and therefore must drive;Driving saves me time and energy","5","Occasionally (3-5 times per semester)","5","5","5","It is a minor factor (manageable annoyance, but should not affect enrollment)","Yes",""
"2026/07/13 6:08:27 PM MDT","Weekend Axe/Oski (Saturday)","2028","I carpool with other students (we switch off driving / utilize multiple permits)","The shuttle leaves at an inconvenient location;There's no convenient way for me to take the shuttle/public transporation;Driving saves me time and energy","4","Never","5","3","1","It is a minor factor (manageable annoyance, but should not affect enrollment)","Yes",""
"2026/07/13 6:18:13 PM MDT","Weekend Axe/Oski (Saturday)","2027","I drive myself to school","The shuttle leaves at an inconvenient time;The shuttle leaves at an inconvenient location;BayPass options (bus, BART, etc) are inconvenient/infeasible for me;There's no convenient way for me to take the shuttle/public transporation;I drive to work, and go directly to school after, and therefore must drive;Driving saves me time and energy","5","Rarely (1-2 times per semester)","5","5","5","It is a critical factor (should actively discourage enrolling unless they live near campus)","Yes",""
"2026/07/13 6:19:46 PM MDT","Weekend Axe/Oski (Saturday)","2028","I use BayPass/public transportation","","5","Occasionally (3-5 times per semester)","5","5","5","It is a critical factor (should actively discourage enrolling unless they live near campus)","Yes","the new parking permit changes are greatly impacting me and my classmates "
"2026/07/13 6:20:11 PM MDT","Weekend Axe/Oski (Saturday)","2028","I drive myself to school","BayPass options (bus, BART, etc) are inconvenient/infeasible for me;There's no convenient way for me to take the shuttle/public transporation;Driving saves me time and energy","5","Occasionally (3-5 times per semester)","5","5","5","It is a significant factor (should be weighed against competing programs like Wharton SF or Stanford)","Yes",""
"2026/07/13 6:20:52 PM MDT","Weekend Axe/Oski (Saturday)","2028","I drive myself to school","The shuttle leaves at an inconvenient time;The shuttle leaves at an inconvenient location;There's no convenient way for me to take the shuttle/public transporation;I don't feel safe taking public transportation at the times I would need to","5","Rarely (1-2 times per semester)","5","5","5","It is a significant factor (should be weighed against competing programs like Wharton SF or Stanford)","Yes","As an EWMBA student, I am charged a number of mandatory student fees for services that provide little to no practical value to me. For example, I am unable to make use of the gymnasium or student recreational facilities. My time on campus is limited to Saturdays from 9:00 a.m. to 6:00 p.m., and I commute from San Jose while balancing a full-time job and caring for an infant. Realistically, I have neither the time nor the opportunity to take advantage of many of the services these fees support.

One could argue that nothing technically prevents me from using these facilities. However, the reality of the EWMBA program is that students like me have significantly different schedules and commitments than full-time students. While I recognize that these fees are part of my obligations as a student and have always paid them without objection, I accepted those obligations with the understanding of the policies that were in place when I enrolled.

What is particularly disappointing is having the terms effectively change after I have already invested substantial time, effort, and financial resources into the program. It feels like a bait-and-switch—joining under one set of expectations only to have those expectations altered once it is no longer practical to reconsider the decision. That has had a genuinely demoralizing effect and has left me feeling that the unique circumstances of EWMBA students are not being adequately considered."
"2026/07/13 6:29:08 PM MDT","Evening Blue (Monday/Wednesday)","2027","I carpool with other students (we usually take the same car / utilize a single parking permit)","There's no convenient way for me to take the shuttle/public transporation;I drive to work, and go directly to school after, and therefore must drive;Driving saves me time and energy","5","Never","5","5","5","It is a significant factor (should be weighed against competing programs like Wharton SF or Stanford)","Yes","Having parking is crucial to my ability to participate in the program and arrive to class on time and having this benefit taken away jeopardizes my ability to get to class and make it financially feasible for me to attend in-person courses"
"2026/07/13 6:36:20 PM MDT","Evening Gold (Tuesday/Thursday)","2027","I drive myself to school","The shuttle leaves at an inconvenient time;The shuttle leaves at an inconvenient location;BayPass options (bus, BART, etc) are inconvenient/infeasible for me;There's no convenient way for me to take the shuttle/public transporation;I drive to work, and go directly to school after, and therefore must drive","5","Rarely (1-2 times per semester)","5","5","5","It is a significant factor (should be weighed against competing programs like Wharton SF or Stanford)","Yes",""
"2026/07/13 6:49:35 PM MDT","Evening Blue (Monday/Wednesday)","2027","I drive myself to school","BayPass options (bus, BART, etc) are inconvenient/infeasible for me;I don't feel safe taking public transportation at the times I would need to;Driving saves me time and energy","5","Rarely (1-2 times per semester)","5","5","5","It is a significant factor (should be weighed against competing programs like Wharton SF or Stanford)","Yes","1. When we applied for and accepted the offer into Haas EWMBA, the website says it will provide either (1) free parking permit or (2) shuttle that students can ""choose"" to minimize the inconvenience of commuting to school after works, and now it suddenly just announced things going to change in the middle of the program. Not sure if there are any reasons to justify.

2. Announcement was made suddenly about a month before fall semester start without any proper communications/townhall with students. How people can react to these changes?

3. Not sure how many MBA programs are there at Haas. Aren't there just full-time, part-time, and executive? EWMBA students have full-time jobs unlike full-time MBA and have a much longer semester compared with EMBA. How can a statement ""aligned with other MBA programs at Haas"" justify this action? Isn't that true this action just want to extract more profits from whoever already paid the sunk cost and cannot get away?

4. Cancelling permits all at once are too aggressive, aren't they? Why not letting weekday cohorts have weekday evening permit (e.g. after 5 PM only) and weekend cohorts have Saturday permit (e.g. after 8 AM until 6 PM) so that at least students can still have the rights during their ""class time"". All the electives can just use codes or something."
"2026/07/13 6:56:31 PM MDT","Weekend Axe/Oski (Saturday)","2028","I drive myself to school","","5","Rarely (1-2 times per semester)","2","5","5","It is a significant factor (should be weighed against competing programs like Wharton SF or Stanford)","Yes",""